--
-- Script was generated by Devart dbForge Studio 2021 for SQL Server, Version 6.0.563.0
-- Product Home Page: http://www.devart.com/dbforge/sql/studio
-- Script date 12/9/2021 1:46:29 PM
-- Target server version: 15.00.2000
-- Target connection string: Data Source=NGA\SQLEXPRESS;Integrated Security=True;User ID=NGA\Admin
--



SET LANGUAGE 'English'
SET DATEFORMAT ymd
SET ARITHABORT, ANSI_PADDING, ANSI_WARNINGS, CONCAT_NULL_YIELDS_NULL, QUOTED_IDENTIFIER, ANSI_NULLS, NOCOUNT ON
SET NUMERIC_ROUNDABORT, IMPLICIT_TRANSACTIONS, XACT_ABORT OFF
GO

--
-- Backing up database Order_Entry
--
--
-- Create backup folder
--
IF OBJECT_ID('xp_create_subdir') IS NOT NULL
  EXEC xp_create_subdir N'C:\Program Files\Microsoft SQL Server\MSSQL15.SQLEXPRESS\MSSQL\Backup'
--
-- Backup database to the file with the name: <database_name>_<yyyy>_<mm>_<dd>_<hh>_<mi>.bak
--
DECLARE @db_name SYSNAME
SET @db_name = N'Order_Entry'

DECLARE @filepath NVARCHAR(4000)
SET @filepath =
/*define base part*/ N'C:\Program Files\Microsoft SQL Server\MSSQL15.SQLEXPRESS\MSSQL\Backup\' + @db_name + '_' +
/*append date*/ REPLACE(CONVERT(NVARCHAR(10), GETDATE(), 102), '.', '_') + '_' +
/*append time*/ REPLACE(CONVERT(NVARCHAR(5), GETDATE(), 108), ':', '_') + '.bak'

DECLARE @SQL NVARCHAR(MAX)
SET @SQL = 
    N'BACKUP DATABASE ' + QUOTENAME(@db_name) + ' TO DISK = @filepath WITH INIT' + 
      CASE WHEN EXISTS(
                SELECT value
                FROM sys.configurations WITH (NOLOCK)
                WHERE name = 'backup compression default'
          )
        THEN ', COMPRESSION'
        ELSE ''
      END

EXEC sys.sp_executesql @SQL, N'@filepath NVARCHAR(4000)', @filepath = @filepath
GO

USE Order_Entry
GO

IF DB_NAME() <> N'Order_Entry' SET NOEXEC ON
GO
--
-- Delete data from the table 'dbo.Restock_Item'
--
TRUNCATE TABLE dbo.Restock_Item
GO
--
-- Delete data from the table 'dbo.Ordered_Item'
--
TRUNCATE TABLE dbo.Ordered_Item
GO
--
-- Delete data from the table 'dbo.Orders'
--
DELETE dbo.Orders
GO
--
-- Delete data from the table 'dbo.Credit_Card'
--
DELETE dbo.Credit_Card
GO
--
-- Delete data from the table 'dbo.Advertised_Item'
--
DELETE dbo.Advertised_Item
GO
--
-- Delete data from the table 'dbo.Supplier'
--
DELETE dbo.Supplier
GO
--
-- Delete data from the table 'dbo.Customer'
--
DELETE dbo.Customer
GO

--
-- Inserting data into table dbo.Customer
--
INSERT dbo.Customer(CustomerIdentifier, CustomerTelephoneNumber, CustomerName, CustomerStreetAddress, CustomerCity, CustomerState, CustomerZipCode, CustomerCreditRating) VALUES (1, '0580787909', N'Norris', N'Unit 4, Block C', N'Seaside', N'Indiana', '31170', N'7')
INSERT dbo.Customer(CustomerIdentifier, CustomerTelephoneNumber, CustomerName, CustomerStreetAddress, CustomerCity, CustomerState, CustomerZipCode, CustomerCreditRating) VALUES (2, '0022522451', N'Lanny', N'Unit 6, Block A', N'Atlantic City', N'Idaho', '77059', N'3')
INSERT dbo.Customer(CustomerIdentifier, CustomerTelephoneNumber, CustomerName, CustomerStreetAddress, CustomerCity, CustomerState, CustomerZipCode, CustomerCreditRating) VALUES (3, '0059547291', N'Darron', N'Railway Arch 23', N'Camas', N'New York', '57474', N'9')
INSERT dbo.Customer(CustomerIdentifier, CustomerTelephoneNumber, CustomerName, CustomerStreetAddress, CustomerCity, CustomerState, CustomerZipCode, CustomerCreditRating) VALUES (4, '0070767940', N'Adan', N'Arch 1', N'Wilkes-Barre', N'Louisiana', '25421', N'9')
INSERT dbo.Customer(CustomerIdentifier, CustomerTelephoneNumber, CustomerName, CustomerStreetAddress, CustomerCity, CustomerState, CustomerZipCode, CustomerCreditRating) VALUES (5, '0799409825', N'Trish', N'Unit 22-39, Ground Floor', N'North Bend', N'Alabama', '26120', N'2')
INSERT dbo.Customer(CustomerIdentifier, CustomerTelephoneNumber, CustomerName, CustomerStreetAddress, CustomerCity, CustomerState, CustomerZipCode, CustomerCreditRating) VALUES (6, '0165069258', N'Reyna', N'Flat 36', N'Babylon', N'Louisiana', '73323', N'6')
INSERT dbo.Customer(CustomerIdentifier, CustomerTelephoneNumber, CustomerName, CustomerStreetAddress, CustomerCity, CustomerState, CustomerZipCode, CustomerCreditRating) VALUES (7, '0430372933', N'Lorene', N'Railway Arch 3', N'Poway', N'West Virginia', '83127', N'9')
INSERT dbo.Customer(CustomerIdentifier, CustomerTelephoneNumber, CustomerName, CustomerStreetAddress, CustomerCity, CustomerState, CustomerZipCode, CustomerCreditRating) VALUES (8, '0143734662', N'Erin', N'Railway Arch 8', N'Birmingham', N'Alabama', '06222', N'8')
INSERT dbo.Customer(CustomerIdentifier, CustomerTelephoneNumber, CustomerName, CustomerStreetAddress, CustomerCity, CustomerState, CustomerZipCode, CustomerCreditRating) VALUES (9, '0787706837', N'Chrissy', N'Railway Arch 78B', N'Quincy', N'Colorado', '64201', N'8')
INSERT dbo.Customer(CustomerIdentifier, CustomerTelephoneNumber, CustomerName, CustomerStreetAddress, CustomerCity, CustomerState, CustomerZipCode, CustomerCreditRating) VALUES (10, '0067034699', N'Erin', N'Flat 9', N'Hidalgo', N'Mississippi', '41347', N'5')
INSERT dbo.Customer(CustomerIdentifier, CustomerTelephoneNumber, CustomerName, CustomerStreetAddress, CustomerCity, CustomerState, CustomerZipCode, CustomerCreditRating) VALUES (11, '0102527476', N'Alphonso', N'Unit 7, Block B', N'Mount Vernon', N'Nevada', '72825', N'9')
INSERT dbo.Customer(CustomerIdentifier, CustomerTelephoneNumber, CustomerName, CustomerStreetAddress, CustomerCity, CustomerState, CustomerZipCode, CustomerCreditRating) VALUES (12, '0586495832', N'Minh', N'Unit 4-7, Ground Floor', N'Milford', N'Florida', '87627', N'1')
INSERT dbo.Customer(CustomerIdentifier, CustomerTelephoneNumber, CustomerName, CustomerStreetAddress, CustomerCity, CustomerState, CustomerZipCode, CustomerCreditRating) VALUES (13, '0511003845', N'Alina', N'Flats 4-8', N'Hyrum', N'Massachusetts', '09319', N'3')
INSERT dbo.Customer(CustomerIdentifier, CustomerTelephoneNumber, CustomerName, CustomerStreetAddress, CustomerCity, CustomerState, CustomerZipCode, CustomerCreditRating) VALUES (14, '0081226513', N'Ira', N'Railway Arch 6', N'Commerce', N'Wisconsin', '41437', N'5')
INSERT dbo.Customer(CustomerIdentifier, CustomerTelephoneNumber, CustomerName, CustomerStreetAddress, CustomerCity, CustomerState, CustomerZipCode, CustomerCreditRating) VALUES (15, '0967501035', N'Celia', N'Flats 5-7', N'Marshall', N'Florida', '34662', N'6')
INSERT dbo.Customer(CustomerIdentifier, CustomerTelephoneNumber, CustomerName, CustomerStreetAddress, CustomerCity, CustomerState, CustomerZipCode, CustomerCreditRating) VALUES (16, '0644531868', N'Archie', N'Railway Arch 1', N'Los Banos', N'Wisconsin', '63877', N'3')
INSERT dbo.Customer(CustomerIdentifier, CustomerTelephoneNumber, CustomerName, CustomerStreetAddress, CustomerCity, CustomerState, CustomerZipCode, CustomerCreditRating) VALUES (17, '0459587490', N'Stefan', N'Railway Arch 97', N'Yonkers', N'Rhode Island', '06837', N'1')
INSERT dbo.Customer(CustomerIdentifier, CustomerTelephoneNumber, CustomerName, CustomerStreetAddress, CustomerCity, CustomerState, CustomerZipCode, CustomerCreditRating) VALUES (18, '0766408150', N'Annalee', N'Railway Arch 78A', N'Collinsville', N'Missouri', '28810', N'4')
INSERT dbo.Customer(CustomerIdentifier, CustomerTelephoneNumber, CustomerName, CustomerStreetAddress, CustomerCity, CustomerState, CustomerZipCode, CustomerCreditRating) VALUES (19, '0709504234', N'Deetta', N'Railway Arch 52B', N'Nazareth', N'Illinois', '60938', N'5')
INSERT dbo.Customer(CustomerIdentifier, CustomerTelephoneNumber, CustomerName, CustomerStreetAddress, CustomerCity, CustomerState, CustomerZipCode, CustomerCreditRating) VALUES (20, '0084074512', N'Lorenzo', N'Railway Arch 1', N'Lapeer', N'New York', '66085', N'2')
INSERT dbo.Customer(CustomerIdentifier, CustomerTelephoneNumber, CustomerName, CustomerStreetAddress, CustomerCity, CustomerState, CustomerZipCode, CustomerCreditRating) VALUES (21, '0043456959', N'Eugenie', N'Flats 2-8', N'Pine Bluff', N'Illinois', '07653', N'2')
INSERT dbo.Customer(CustomerIdentifier, CustomerTelephoneNumber, CustomerName, CustomerStreetAddress, CustomerCity, CustomerState, CustomerZipCode, CustomerCreditRating) VALUES (22, '0385326373', N'Nydia', N'Railway Arch 40', N'Arden Hills', N'Nebraska', '46213', N'2')
INSERT dbo.Customer(CustomerIdentifier, CustomerTelephoneNumber, CustomerName, CustomerStreetAddress, CustomerCity, CustomerState, CustomerZipCode, CustomerCreditRating) VALUES (23, '0002562140', N'Bryon', N'Railway Arch 76A', N'Marysville', N'Tennessee', '63258', N'4')
INSERT dbo.Customer(CustomerIdentifier, CustomerTelephoneNumber, CustomerName, CustomerStreetAddress, CustomerCity, CustomerState, CustomerZipCode, CustomerCreditRating) VALUES (24, '0581925030', N'Alexia', N'Unit 9, Block B', N'Huron', N'Minnesota', '22148', N'9')
INSERT dbo.Customer(CustomerIdentifier, CustomerTelephoneNumber, CustomerName, CustomerStreetAddress, CustomerCity, CustomerState, CustomerZipCode, CustomerCreditRating) VALUES (25, '0871721454', N'Tyron', N'Suite 1', N'De Soto', N'Massachusetts', '95168', N'1')
INSERT dbo.Customer(CustomerIdentifier, CustomerTelephoneNumber, CustomerName, CustomerStreetAddress, CustomerCity, CustomerState, CustomerZipCode, CustomerCreditRating) VALUES (26, '0070827536', N'Abe', N'Flats B-C', N'Sulphur Springs', N'Oklahoma', '69570', N'4')
INSERT dbo.Customer(CustomerIdentifier, CustomerTelephoneNumber, CustomerName, CustomerStreetAddress, CustomerCity, CustomerState, CustomerZipCode, CustomerCreditRating) VALUES (27, '0139974984', N'Lorrine', N'Suite 18', N'Glendale', N'West Virginia', '40587', N'1')
INSERT dbo.Customer(CustomerIdentifier, CustomerTelephoneNumber, CustomerName, CustomerStreetAddress, CustomerCity, CustomerState, CustomerZipCode, CustomerCreditRating) VALUES (28, '0241844969', N'Madeleine', N'Railway Arch 17C', N'Lone Tree', N'Missouri', '50103', N'7')
INSERT dbo.Customer(CustomerIdentifier, CustomerTelephoneNumber, CustomerName, CustomerStreetAddress, CustomerCity, CustomerState, CustomerZipCode, CustomerCreditRating) VALUES (29, '0594054433', N'Erwin', N'Railway Arch 55C', N'Darien', N'Massachusetts', '58769', N'4')
INSERT dbo.Customer(CustomerIdentifier, CustomerTelephoneNumber, CustomerName, CustomerStreetAddress, CustomerCity, CustomerState, CustomerZipCode, CustomerCreditRating) VALUES (30, '0947645651', N'Velia', N'Flat 37', N'Sycamore', N'North Dakota', '63492', N'2')
INSERT dbo.Customer(CustomerIdentifier, CustomerTelephoneNumber, CustomerName, CustomerStreetAddress, CustomerCity, CustomerState, CustomerZipCode, CustomerCreditRating) VALUES (31, '0078677745', N'Jarrod', N'Railway Arch 8', N'Benbrook', N'Arizona', '04010', N'6')
INSERT dbo.Customer(CustomerIdentifier, CustomerTelephoneNumber, CustomerName, CustomerStreetAddress, CustomerCity, CustomerState, CustomerZipCode, CustomerCreditRating) VALUES (32, '0615858074', N'Amada', N'Arch 3', N'Newark', N'Ohio', '72355', N'3')
INSERT dbo.Customer(CustomerIdentifier, CustomerTelephoneNumber, CustomerName, CustomerStreetAddress, CustomerCity, CustomerState, CustomerZipCode, CustomerCreditRating) VALUES (33, '0810209234', N'Ashley', N'Railway Arch 33B', N'Normandy', N'Nevada', '76640', N'1')
INSERT dbo.Customer(CustomerIdentifier, CustomerTelephoneNumber, CustomerName, CustomerStreetAddress, CustomerCity, CustomerState, CustomerZipCode, CustomerCreditRating) VALUES (34, '0586829356', N'Darell', N'Railway Arch 7', N'Athens', N'Michigan', '81506', N'7')
INSERT dbo.Customer(CustomerIdentifier, CustomerTelephoneNumber, CustomerName, CustomerStreetAddress, CustomerCity, CustomerState, CustomerZipCode, CustomerCreditRating) VALUES (35, '0404699251', N'Devon', N'Suite 7', N'Lawrenceburg', N'Minnesota', '68634', N'9')
INSERT dbo.Customer(CustomerIdentifier, CustomerTelephoneNumber, CustomerName, CustomerStreetAddress, CustomerCity, CustomerState, CustomerZipCode, CustomerCreditRating) VALUES (36, '0617381703', N'Myles', N'Railway Arch 53', N'Fall River', N'Louisiana', '50419', N'8')
INSERT dbo.Customer(CustomerIdentifier, CustomerTelephoneNumber, CustomerName, CustomerStreetAddress, CustomerCity, CustomerState, CustomerZipCode, CustomerCreditRating) VALUES (37, '0508841186', N'Abel', N'Suite 55', N'Red Lion', N'Alabama', '95658', N'4')
INSERT dbo.Customer(CustomerIdentifier, CustomerTelephoneNumber, CustomerName, CustomerStreetAddress, CustomerCity, CustomerState, CustomerZipCode, CustomerCreditRating) VALUES (38, '0305753812', N'Brain', N'Flats 5-8', N'Mount Vernon', N'Connecticut', '30750', N'5')
INSERT dbo.Customer(CustomerIdentifier, CustomerTelephoneNumber, CustomerName, CustomerStreetAddress, CustomerCity, CustomerState, CustomerZipCode, CustomerCreditRating) VALUES (39, '0414576220', N'Venice', N'Railway Arch 7', N'Soldotna', N'Minnesota', '92549', N'5')
INSERT dbo.Customer(CustomerIdentifier, CustomerTelephoneNumber, CustomerName, CustomerStreetAddress, CustomerCity, CustomerState, CustomerZipCode, CustomerCreditRating) VALUES (40, '0788169493', N'Alejandra', N'Unit 3, Block C', N'Valley Center', N'Texas', '84373', N'3')
INSERT dbo.Customer(CustomerIdentifier, CustomerTelephoneNumber, CustomerName, CustomerStreetAddress, CustomerCity, CustomerState, CustomerZipCode, CustomerCreditRating) VALUES (41, '0964144424', N'Alda', N'Unit 6, Block A', N'Sayre', N'Texas', '91783', N'6')
INSERT dbo.Customer(CustomerIdentifier, CustomerTelephoneNumber, CustomerName, CustomerStreetAddress, CustomerCity, CustomerState, CustomerZipCode, CustomerCreditRating) VALUES (42, '0710297208', N'Charlie', N'Flats 3-7', N'Everett', N'Nebraska', '50025', N'1')
INSERT dbo.Customer(CustomerIdentifier, CustomerTelephoneNumber, CustomerName, CustomerStreetAddress, CustomerCity, CustomerState, CustomerZipCode, CustomerCreditRating) VALUES (43, '0974371061', N'Brant', N'Unit 2, Block A', N'Nevada', N'Iowa', '62140', N'9')
INSERT dbo.Customer(CustomerIdentifier, CustomerTelephoneNumber, CustomerName, CustomerStreetAddress, CustomerCity, CustomerState, CustomerZipCode, CustomerCreditRating) VALUES (44, '0167647164', N'Doretha', N'Flats 2-8', N'Baker', N'Arizona', '51870', N'2')
INSERT dbo.Customer(CustomerIdentifier, CustomerTelephoneNumber, CustomerName, CustomerStreetAddress, CustomerCity, CustomerState, CustomerZipCode, CustomerCreditRating) VALUES (45, '0347542651', N'Cristy', N'Railway Arch 53', N'Chehalis', N'New Mexico', '99710', N'1')
INSERT dbo.Customer(CustomerIdentifier, CustomerTelephoneNumber, CustomerName, CustomerStreetAddress, CustomerCity, CustomerState, CustomerZipCode, CustomerCreditRating) VALUES (46, '0288140693', N'Katheleen', N'Railway Arch 3', N'Aberdeen', N'Tennessee', '04117', N'3')
INSERT dbo.Customer(CustomerIdentifier, CustomerTelephoneNumber, CustomerName, CustomerStreetAddress, CustomerCity, CustomerState, CustomerZipCode, CustomerCreditRating) VALUES (47, '0578409264', N'Alton', N'Suite 20', N'Bradenton', N'Ohio', '21454', N'7')
INSERT dbo.Customer(CustomerIdentifier, CustomerTelephoneNumber, CustomerName, CustomerStreetAddress, CustomerCity, CustomerState, CustomerZipCode, CustomerCreditRating) VALUES (48, '0582148579', N'Bernardo', N'Unit 35-38', N'Aberdeen', N'Alaska', '49011', N'8')
INSERT dbo.Customer(CustomerIdentifier, CustomerTelephoneNumber, CustomerName, CustomerStreetAddress, CustomerCity, CustomerState, CustomerZipCode, CustomerCreditRating) VALUES (49, '0300368826', N'Sheldon', N'Arch 6', N'Ammon', N'Mississippi', '15156', N'6')
INSERT dbo.Customer(CustomerIdentifier, CustomerTelephoneNumber, CustomerName, CustomerStreetAddress, CustomerCity, CustomerState, CustomerZipCode, CustomerCreditRating) VALUES (50, '0556961507', N'Adelaida', N'Flats 3-7', N'Fayetteville', N'Arkansas', '70974', N'3')
GO

--
-- Inserting data into table dbo.Supplier
--
INSERT dbo.Supplier(SupplierID, SupplierName, SupplierStreetAddress, SupplierCity, SupplierState, SupplierZipCode) VALUES (N'ID000', N'Catherina533', N'850 Church Ln, Nashville, TN, 22595', N'Malden', N'Tennessee', '16153')
INSERT dbo.Supplier(SupplierID, SupplierName, SupplierStreetAddress, SupplierCity, SupplierState, SupplierZipCode) VALUES (N'ID001', N'Carmelina382', N'984 Town Ct, Juneau, AK, 89927', N'Casa Grande', N'Nebraska', '08545')
INSERT dbo.Supplier(SupplierID, SupplierName, SupplierStreetAddress, SupplierCity, SupplierState, SupplierZipCode) VALUES (N'ID002', N'Mead1954', N'81 Fox Hill Drive, Little Rock, AR, 16919', N'Manchester', N'Alaska', '07564')
INSERT dbo.Supplier(SupplierID, SupplierName, SupplierStreetAddress, SupplierCity, SupplierState, SupplierZipCode) VALUES (N'ID003', N'Adelaida2', N'3323 Social Highway, Suite 752, Cheyenne, WY, 52672', N'Burnsville', N'Oklahoma', '17759')
INSERT dbo.Supplier(SupplierID, SupplierName, SupplierStreetAddress, SupplierCity, SupplierState, SupplierZipCode) VALUES (N'ID004', N'Lanier4', N'2607 NE Ashwood Ln, Dover, DE, 42593', N'Ambler', N'Arkansas', '38357')
INSERT dbo.Supplier(SupplierID, SupplierName, SupplierStreetAddress, SupplierCity, SupplierState, SupplierZipCode) VALUES (N'ID005', N'Jarod2021', N'1594 Ashwood Parkway, Enquirer Building, Harrisburg, PA, 91496', N'Lomita', N'Massachusetts', '54611')
INSERT dbo.Supplier(SupplierID, SupplierName, SupplierStreetAddress, SupplierCity, SupplierState, SupplierZipCode) VALUES (N'ID006', N'Abney2020', N'217 S Highland Loop, Appartment 2, Lansing, Michigan, 67907', N'Chariton', N'Rhode Island', '43408')
INSERT dbo.Supplier(SupplierID, SupplierName, SupplierStreetAddress, SupplierCity, SupplierState, SupplierZipCode) VALUES (N'ID007', N'Rawlings1966', N'1016 New Rock Hill Parkway, Madison, WI, 54233', N'Crowley', N'Kansas', '89927')
INSERT dbo.Supplier(SupplierID, SupplierName, SupplierStreetAddress, SupplierCity, SupplierState, SupplierZipCode) VALUES (N'ID008', N'Zook2014', N'1551 North Quailwood Highway, 1st FL, Sacramento, CA, 44675', N'Kalamazoo', N'Ohio', '34510')
INSERT dbo.Supplier(SupplierID, SupplierName, SupplierStreetAddress, SupplierCity, SupplierState, SupplierZipCode) VALUES (N'ID009', N'Denna1961', N'294 Brentwood Ct, Appartment 411, Boise, Idaho, 04365', N'Garrett', N'Montana', '27379')
INSERT dbo.Supplier(SupplierID, SupplierName, SupplierStreetAddress, SupplierCity, SupplierState, SupplierZipCode) VALUES (N'ID010', N'Bert631', N'3337 Rockwood Court, Fisher Bldg, Austin, Texas, 37063', N'Aberdeen', N'Massachusetts', '05932')
INSERT dbo.Supplier(SupplierID, SupplierName, SupplierStreetAddress, SupplierCity, SupplierState, SupplierZipCode) VALUES (N'ID011', N'Crouch93', N'51 South Hope Ct, Olympia, Washington, 65719', N'Sarasota', N'Delaware', '08756')
INSERT dbo.Supplier(SupplierID, SupplierName, SupplierStreetAddress, SupplierCity, SupplierState, SupplierZipCode) VALUES (N'ID012', N'Wynona1996', N'292 Fox Hill Drive, Plaza Building, Honolulu, HI, 04170', N'Rochester Hills', N'Kansas', '53246')
INSERT dbo.Supplier(SupplierID, SupplierName, SupplierStreetAddress, SupplierCity, SupplierState, SupplierZipCode) VALUES (N'ID013', N'Hawkins231', N'626 White Mountain Ct, Macy''s Building, Saint Paul, MN, 63030', N'West Paterson', N'Washington', '47420')
INSERT dbo.Supplier(SupplierID, SupplierName, SupplierStreetAddress, SupplierCity, SupplierState, SupplierZipCode) VALUES (N'ID014', N'Wheeler2', N'948 Social Highway, Buhl Bldg, Honolulu, HI, 70686', N'Atlantic Highlands', N'Vermont', '14585')
INSERT dbo.Supplier(SupplierID, SupplierName, SupplierStreetAddress, SupplierCity, SupplierState, SupplierZipCode) VALUES (N'ID015', N'Lester2029', N'49 West Oak Drive, Hartford, Connecticut, 43022', N'Astoria', N'Tennessee', '91266')
INSERT dbo.Supplier(SupplierID, SupplierName, SupplierStreetAddress, SupplierCity, SupplierState, SupplierZipCode) VALUES (N'ID016', N'Riva1959', N'912 5th Avenue, Appartment 53, Santa Fe, New Mexico, 79081', N'Buffalo Grove', N'Delaware', '03732')
INSERT dbo.Supplier(SupplierID, SupplierName, SupplierStreetAddress, SupplierCity, SupplierState, SupplierZipCode) VALUES (N'ID017', N'Acevedo1972', N'1809 West Prospect Hill Blvd, Suite 1774, Oklahoma City, Oklahoma, 67992', N'Dover', N'Delaware', '39158')
INSERT dbo.Supplier(SupplierID, SupplierName, SupplierStreetAddress, SupplierCity, SupplierState, SupplierZipCode) VALUES (N'ID018', N'Ziegler1970', N'89 Lake Avenue, 1st FL, Des Moines, Iowa, 02393', N'Laredo', N'Georgia', '79960')
INSERT dbo.Supplier(SupplierID, SupplierName, SupplierStreetAddress, SupplierCity, SupplierState, SupplierZipCode) VALUES (N'ID019', N'Shaw2019', N'3586 Prospect Hill Rd, Montpelier, VT, 73293', N'Morris', N'Wyoming', '73960')
INSERT dbo.Supplier(SupplierID, SupplierName, SupplierStreetAddress, SupplierCity, SupplierState, SupplierZipCode) VALUES (N'ID020', N'Alfonzo534', N'2828 South Church Lane, Juneau, Alaska, 44575', N'Dayton', N'Oklahoma', '77891')
INSERT dbo.Supplier(SupplierID, SupplierName, SupplierStreetAddress, SupplierCity, SupplierState, SupplierZipCode) VALUES (N'ID021', N'Cisneros36', N'27 Pine Tree Rd, Fisher Building, Saint Paul, Minnesota, 72864', N'Abilene', N'Alaska', '12971')
INSERT dbo.Supplier(SupplierID, SupplierName, SupplierStreetAddress, SupplierCity, SupplierState, SupplierZipCode) VALUES (N'ID022', N'Antwan96', N'2807 Front Ct, Enquirer Bldg, Topeka, Kansas, 99891', N'Agoura Hills', N'North Carolina', '81470')
INSERT dbo.Supplier(SupplierID, SupplierName, SupplierStreetAddress, SupplierCity, SupplierState, SupplierZipCode) VALUES (N'ID023', N'Alanna8', N'3975 Burwood Way, Trenton, NJ, 78435', N'Newport', N'Delaware', '84567')
INSERT dbo.Supplier(SupplierID, SupplierName, SupplierStreetAddress, SupplierCity, SupplierState, SupplierZipCode) VALUES (N'ID024', N'Jamey848', N'3358 Fox Hill Way, Superior Building, Jackson, MS, 75764', N'Willmar', N'New Hampshire', '28421')
INSERT dbo.Supplier(SupplierID, SupplierName, SupplierStreetAddress, SupplierCity, SupplierState, SupplierZipCode) VALUES (N'ID025', N'Mitchell5', N'238 Oak Ln, Judge Bldg, Boston, Massachusetts, 59882', N'St. Paul Park', N'Nevada', '43101')
INSERT dbo.Supplier(SupplierID, SupplierName, SupplierStreetAddress, SupplierCity, SupplierState, SupplierZipCode) VALUES (N'ID026', N'Enrique2006', N'847 Riverside Ln, Madison, WI, 27567', N'Childersburg', N'Ohio', '67522')
INSERT dbo.Supplier(SupplierID, SupplierName, SupplierStreetAddress, SupplierCity, SupplierState, SupplierZipCode) VALUES (N'ID027', N'Courtney2007', N'440 East Meadowview Lane, Carson City, Nevada, 24887', N'Corsicana', N'Massachusetts', '68850')
INSERT dbo.Supplier(SupplierID, SupplierName, SupplierStreetAddress, SupplierCity, SupplierState, SupplierZipCode) VALUES (N'ID028', N'Xavier1964', N'321 East Hazelwood Ave, APT 106, Des Moines, IA, 78089', N'La Vista', N'Minnesota', '01366')
INSERT dbo.Supplier(SupplierID, SupplierName, SupplierStreetAddress, SupplierCity, SupplierState, SupplierZipCode) VALUES (N'ID029', N'Begay34', N'3424 Hazelwood Blvd, STE 474, Springfield, Illinois, 91556', N'Altoona', N'Utah', '43314')
INSERT dbo.Supplier(SupplierID, SupplierName, SupplierStreetAddress, SupplierCity, SupplierState, SupplierZipCode) VALUES (N'ID030', N'Shanna1960', N'54 Social Ct, Columbia, SC, 83806', N'Eugene', N'Nebraska', '06621')
INSERT dbo.Supplier(SupplierID, SupplierName, SupplierStreetAddress, SupplierCity, SupplierState, SupplierZipCode) VALUES (N'ID031', N'Angelo2018', N'1307 S Fox Hill Road, Judge Bldg, Nashville, Tennessee, 32183', N'Campbell', N'Missouri', '06849')
INSERT dbo.Supplier(SupplierID, SupplierName, SupplierStreetAddress, SupplierCity, SupplierState, SupplierZipCode) VALUES (N'ID032', N'Addie2014', N'2775 Rose Hill Circle, Jefferson City, Missouri, 82818', N'Belvidere', N'Colorado', '63370')
INSERT dbo.Supplier(SupplierID, SupplierName, SupplierStreetAddress, SupplierCity, SupplierState, SupplierZipCode) VALUES (N'ID033', N'Giovanni9', N'1306 East Beachwood Hwy, Calyon Building, Olympia, WA, 20676', N'Port Hueneme', N'New Hampshire', '02933')
INSERT dbo.Supplier(SupplierID, SupplierName, SupplierStreetAddress, SupplierCity, SupplierState, SupplierZipCode) VALUES (N'ID034', N'Adair845', N'2342 Meadowview Court, Cheyenne, Wyoming, 64805', N'Medical Lake', N'California', '69192')
INSERT dbo.Supplier(SupplierID, SupplierName, SupplierStreetAddress, SupplierCity, SupplierState, SupplierZipCode) VALUES (N'ID035', N'Patricia1994', N'231 N Stonewood Lane, Jackson, Mississippi, 50348', N'Abilene', N'Ohio', '42679')
INSERT dbo.Supplier(SupplierID, SupplierName, SupplierStreetAddress, SupplierCity, SupplierState, SupplierZipCode) VALUES (N'ID036', N'Pringle1994', N'2774 South Stonewood Way, Little Rock, AR, 12968', N'Jamestown', N'New Hampshire', '07851')
INSERT dbo.Supplier(SupplierID, SupplierName, SupplierStreetAddress, SupplierCity, SupplierState, SupplierZipCode) VALUES (N'ID037', N'Mears617', N'3144 North Lake Ln, APT 35, Juneau, AK, 64620', N'Ellwood City', N'Maine', '01685')
INSERT dbo.Supplier(SupplierID, SupplierName, SupplierStreetAddress, SupplierCity, SupplierState, SupplierZipCode) VALUES (N'ID038', N'Enriquez819', N'3272 Hope Lane, Calyon Bldg, Montgomery, Alabama, 32604', N'Aberdeen', N'Maryland', '59890')
INSERT dbo.Supplier(SupplierID, SupplierName, SupplierStreetAddress, SupplierCity, SupplierState, SupplierZipCode) VALUES (N'ID039', N'Harley1998', N'401 Deepwood St, Albany, New York, 96608', N'Milan', N'California', '71572')
INSERT dbo.Supplier(SupplierID, SupplierName, SupplierStreetAddress, SupplierCity, SupplierState, SupplierZipCode) VALUES (N'ID040', N'Winslow1950', N'3891 Ironwood St, Bartlett Building, Harrisburg, Pennsylvania, 56811', N'Norwood', N'West Virginia', '55848')
INSERT dbo.Supplier(SupplierID, SupplierName, SupplierStreetAddress, SupplierCity, SupplierState, SupplierZipCode) VALUES (N'ID041', N'Abraham2020', N'923 Rockwood St, Frankfort, Kentucky, 79871', N'Zimmerman', N'Mississippi', '30158')
INSERT dbo.Supplier(SupplierID, SupplierName, SupplierStreetAddress, SupplierCity, SupplierState, SupplierZipCode) VALUES (N'ID042', N'Christian6', N'3787 Beachwood Pkwy, Austin, Texas, 54744', N'Butler', N'Oklahoma', '73551')
INSERT dbo.Supplier(SupplierID, SupplierName, SupplierStreetAddress, SupplierCity, SupplierState, SupplierZipCode) VALUES (N'ID043', N'Milliken166', N'579 Pine Tree Lane, Bismarck, North Dakota, 79161', N'Racine', N'Oregon', '18648')
INSERT dbo.Supplier(SupplierID, SupplierName, SupplierStreetAddress, SupplierCity, SupplierState, SupplierZipCode) VALUES (N'ID044', N'Alec1986', N'883 Waterview Avenue, Fisher Bldg, Springfield, IL, 19037', N'Alpena', N'Wisconsin', '39804')
INSERT dbo.Supplier(SupplierID, SupplierName, SupplierStreetAddress, SupplierCity, SupplierState, SupplierZipCode) VALUES (N'ID045', N'Avelina2017', N'2841 W Farmview Dr, Jefferson City, Missouri, 93538', N'Burton', N'Nevada', '30248')
INSERT dbo.Supplier(SupplierID, SupplierName, SupplierStreetAddress, SupplierCity, SupplierState, SupplierZipCode) VALUES (N'ID046', N'Michael531', N'543 Oak Cir, 1st FL, Pierre, South Dakota, 95063', N'Amite City', N'New Mexico', '30134')
INSERT dbo.Supplier(SupplierID, SupplierName, SupplierStreetAddress, SupplierCity, SupplierState, SupplierZipCode) VALUES (N'ID047', N'Snider2017', N'1098 Rock Hill Highway, Plaza Building, Providence, Rhode Island, 33376', N'Shelbyville', N'Idaho', '94055')
INSERT dbo.Supplier(SupplierID, SupplierName, SupplierStreetAddress, SupplierCity, SupplierState, SupplierZipCode) VALUES (N'ID048', N'Stallings2029', N'42 White Mountain Blvd, Diamond Bldg, Juneau, Alaska, 04609', N'Chadron', N'Mississippi', '72440')
INSERT dbo.Supplier(SupplierID, SupplierName, SupplierStreetAddress, SupplierCity, SupplierState, SupplierZipCode) VALUES (N'ID049', N'Kimbrough1', N'3807 Ski Hill Parkway, Carson City, NV, 59787', N'Albany', N'North Carolina', '58278')
GO

--
-- Inserting data into table dbo.Advertised_Item
--
INSERT dbo.Advertised_Item(ItemNumber, ItemDescription, ItemDepartment, ItemWeight, ItemColor, ItemPrice) VALUES (0, N'Máy đưa võng', 'Books', 6.66, N'ZinnwalditeBrown', 3)
INSERT dbo.Advertised_Item(ItemNumber, ItemDescription, ItemDepartment, ItemWeight, ItemColor, ItemPrice) VALUES (1, N'Cọ rửa, giá úp', 'Health', 4.59, N'BabyBlue', 32)
INSERT dbo.Advertised_Item(ItemNumber, ItemDescription, ItemDepartment, ItemWeight, ItemColor, ItemPrice) VALUES (2, N'Máy hâm, tiệt trùng', 'Health', 18.58, N'TealGreen', 7)
INSERT dbo.Advertised_Item(ItemNumber, ItemDescription, ItemDepartment, ItemWeight, ItemColor, ItemPrice) VALUES (3, N'Thực phẩm cho mẹ', 'Pharmacy', 19.06, N'LavenderPink', 27)
INSERT dbo.Advertised_Item(ItemNumber, ItemDescription, ItemDepartment, ItemWeight, ItemColor, ItemPrice) VALUES (4, N'Thời trang sơ sinh', 'Audible', 1.92, N'PowderBlue', 71)
INSERT dbo.Advertised_Item(ItemNumber, ItemDescription, ItemDepartment, ItemWeight, ItemColor, ItemPrice) VALUES (5, N'Bịt ổ điện góc bàn', 'Outdoors', 6.26, N'RoyalPurple', 62)
INSERT dbo.Advertised_Item(ItemNumber, ItemDescription, ItemDepartment, ItemWeight, ItemColor, ItemPrice) VALUES (6, N'Phụ kiện thời trang', 'Clothing', 2.06, N'TerraCotta', 87)
INSERT dbo.Advertised_Item(ItemNumber, ItemDescription, ItemDepartment, ItemWeight, ItemColor, ItemPrice) VALUES (7, N'Tắm, gội các loại', 'Pets', 0.55, N'CaputMortuum', 45)
INSERT dbo.Advertised_Item(ItemNumber, ItemDescription, ItemDepartment, ItemWeight, ItemColor, ItemPrice) VALUES (8, N'Dụng cụ chia sữa', 'Electronic', 13.94, N'Cream', 63)
INSERT dbo.Advertised_Item(ItemNumber, ItemDescription, ItemDepartment, ItemWeight, ItemColor, ItemPrice) VALUES (9, N'Ba lô, túi xách', 'Gifts', 5.37, N'BabyBlueEyes', 60)
INSERT dbo.Advertised_Item(ItemNumber, ItemDescription, ItemDepartment, ItemWeight, ItemColor, ItemPrice) VALUES (10, N'Đồ chơi cát nước', 'Office', 12.3, N'OutrageousOrange', 65)
INSERT dbo.Advertised_Item(ItemNumber, ItemDescription, ItemDepartment, ItemWeight, ItemColor, ItemPrice) VALUES (11, N'Xe lắc, chòi chân', 'Health', 10.81, N'Cardinal', 5)
INSERT dbo.Advertised_Item(ItemNumber, ItemDescription, ItemDepartment, ItemWeight, ItemColor, ItemPrice) VALUES (12, N'Núm ty các loại', 'Patio', 11.77, N'Ruby', 4)
INSERT dbo.Advertised_Item(ItemNumber, ItemDescription, ItemDepartment, ItemWeight, ItemColor, ItemPrice) VALUES (13, N'Thau, ghế, nón tắm', 'Clothing', 2.39, N'MediumTaupe', 21)
INSERT dbo.Advertised_Item(ItemNumber, ItemDescription, ItemDepartment, ItemWeight, ItemColor, ItemPrice) VALUES (14, N'Thế giới bình sữa', 'Health', 20, N'DogwoodRose', 65)
INSERT dbo.Advertised_Item(ItemNumber, ItemDescription, ItemDepartment, ItemWeight, ItemColor, ItemPrice) VALUES (15, N'Trị muỗi, côn trùng', 'Movies', 16.01, N'Crimson', 51)
INSERT dbo.Advertised_Item(ItemNumber, ItemDescription, ItemDepartment, ItemWeight, ItemColor, ItemPrice) VALUES (16, N'Bóng, banh nhà banh', 'Accessorie', 18.27, N'Thistle', 17)
INSERT dbo.Advertised_Item(ItemNumber, ItemDescription, ItemDepartment, ItemWeight, ItemColor, ItemPrice) VALUES (17, N'Miếng lót thấm sữa', 'Automotive', 4.41, N'PrincetonOrange', 27)
INSERT dbo.Advertised_Item(ItemNumber, ItemDescription, ItemDepartment, ItemWeight, ItemColor, ItemPrice) VALUES (18, N'Sách, học tập', 'Gifts', 9.51, N'OxfordBlue', 70)
INSERT dbo.Advertised_Item(ItemNumber, ItemDescription, ItemDepartment, ItemWeight, ItemColor, ItemPrice) VALUES (19, N'Túi trữ sữa', 'Pets', 5.73, N'DollarBill', 23)
GO

--
-- Inserting data into table dbo.Credit_Card
--
INSERT dbo.Credit_Card(CustomerCreditCardNumber, CustomerCreditCardName, PreferredOption) VALUES ('6258169527271802', N'Craig', N'No')
INSERT dbo.Credit_Card(CustomerCreditCardNumber, CustomerCreditCardName, PreferredOption) VALUES ('3566775663043948', N'Sean', N'No')
INSERT dbo.Credit_Card(CustomerCreditCardNumber, CustomerCreditCardName, PreferredOption) VALUES ('4405760312010210', N'Christie', N'No')
INSERT dbo.Credit_Card(CustomerCreditCardNumber, CustomerCreditCardName, PreferredOption) VALUES ('3545357294297767', N'Shemeka', N'No')
INSERT dbo.Credit_Card(CustomerCreditCardNumber, CustomerCreditCardName, PreferredOption) VALUES ('6249818550097730', N'Leslie', N'No')
INSERT dbo.Credit_Card(CustomerCreditCardNumber, CustomerCreditCardName, PreferredOption) VALUES ('6387850662284569', N'Steve', N'No')
INSERT dbo.Credit_Card(CustomerCreditCardNumber, CustomerCreditCardName, PreferredOption) VALUES ('6371295248350765', N'Erasmo', N'No')
INSERT dbo.Credit_Card(CustomerCreditCardNumber, CustomerCreditCardName, PreferredOption) VALUES ('6224939599687395', N'Edwin', N'No')
INSERT dbo.Credit_Card(CustomerCreditCardNumber, CustomerCreditCardName, PreferredOption) VALUES ('6223693000718874', N'Moses', N'No')
INSERT dbo.Credit_Card(CustomerCreditCardNumber, CustomerCreditCardName, PreferredOption) VALUES ('36927868763378', N'Clement', N'No')
INSERT dbo.Credit_Card(CustomerCreditCardNumber, CustomerCreditCardName, PreferredOption) VALUES ('30311972739481', N'Candace', N'No')
INSERT dbo.Credit_Card(CustomerCreditCardNumber, CustomerCreditCardName, PreferredOption) VALUES ('6379097694720125', N'Allen', N'No')
INSERT dbo.Credit_Card(CustomerCreditCardNumber, CustomerCreditCardName, PreferredOption) VALUES ('3571600808979660', N'Kelley', N'No')
INSERT dbo.Credit_Card(CustomerCreditCardNumber, CustomerCreditCardName, PreferredOption) VALUES ('378028744296901', N'Terrie', N'No')
INSERT dbo.Credit_Card(CustomerCreditCardNumber, CustomerCreditCardName, PreferredOption) VALUES ('346587803175990', N'Porter', N'No')
INSERT dbo.Credit_Card(CustomerCreditCardNumber, CustomerCreditCardName, PreferredOption) VALUES ('6229257754186714', N'Monet', N'No')
INSERT dbo.Credit_Card(CustomerCreditCardNumber, CustomerCreditCardName, PreferredOption) VALUES ('379371278878903', N'Geraldo', N'No')
INSERT dbo.Credit_Card(CustomerCreditCardNumber, CustomerCreditCardName, PreferredOption) VALUES ('6204530367754568', N'Dallas', N'No')
INSERT dbo.Credit_Card(CustomerCreditCardNumber, CustomerCreditCardName, PreferredOption) VALUES ('5244024275445505', N'Jacob', N'No')
INSERT dbo.Credit_Card(CustomerCreditCardNumber, CustomerCreditCardName, PreferredOption) VALUES ('341957443991483', N'Barb', N'No')
INSERT dbo.Credit_Card(CustomerCreditCardNumber, CustomerCreditCardName, PreferredOption) VALUES ('5252018043007299', N'Abigail', N'No')
INSERT dbo.Credit_Card(CustomerCreditCardNumber, CustomerCreditCardName, PreferredOption) VALUES ('30370590027190', N'Shan', N'No')
INSERT dbo.Credit_Card(CustomerCreditCardNumber, CustomerCreditCardName, PreferredOption) VALUES ('30286285252945', N'Leta', N'No')
INSERT dbo.Credit_Card(CustomerCreditCardNumber, CustomerCreditCardName, PreferredOption) VALUES ('4508754729423096', N'Korey', N'No')
INSERT dbo.Credit_Card(CustomerCreditCardNumber, CustomerCreditCardName, PreferredOption) VALUES ('340482786419951', N'Amiee', N'No')
INSERT dbo.Credit_Card(CustomerCreditCardNumber, CustomerCreditCardName, PreferredOption) VALUES ('6224447640736609', N'Lucy', N'No')
INSERT dbo.Credit_Card(CustomerCreditCardNumber, CustomerCreditCardName, PreferredOption) VALUES ('6202874213636625', N'Arron', N'No')
INSERT dbo.Credit_Card(CustomerCreditCardNumber, CustomerCreditCardName, PreferredOption) VALUES ('349863911379957', N'Dominga', N'No')
INSERT dbo.Credit_Card(CustomerCreditCardNumber, CustomerCreditCardName, PreferredOption) VALUES ('30194326181893', N'Dylan', N'No')
INSERT dbo.Credit_Card(CustomerCreditCardNumber, CustomerCreditCardName, PreferredOption) VALUES ('38985709185274', N'Johnie', N'No')
INSERT dbo.Credit_Card(CustomerCreditCardNumber, CustomerCreditCardName, PreferredOption) VALUES ('4508036509392109', N'Adelaide', N'No')
INSERT dbo.Credit_Card(CustomerCreditCardNumber, CustomerCreditCardName, PreferredOption) VALUES ('3570973874449681', N'Emile', N'No')
INSERT dbo.Credit_Card(CustomerCreditCardNumber, CustomerCreditCardName, PreferredOption) VALUES ('30191127376185', N'Adam', N'No')
INSERT dbo.Credit_Card(CustomerCreditCardNumber, CustomerCreditCardName, PreferredOption) VALUES ('6222170239242647', N'Sanjuanita', N'No')
INSERT dbo.Credit_Card(CustomerCreditCardNumber, CustomerCreditCardName, PreferredOption) VALUES ('3546478663981663', N'Hellen', N'No')
INSERT dbo.Credit_Card(CustomerCreditCardNumber, CustomerCreditCardName, PreferredOption) VALUES ('4175009147907002', N'Ralph', N'No')
INSERT dbo.Credit_Card(CustomerCreditCardNumber, CustomerCreditCardName, PreferredOption) VALUES ('6392539850145855', N'Rogelio', N'No')
INSERT dbo.Credit_Card(CustomerCreditCardNumber, CustomerCreditCardName, PreferredOption) VALUES ('6226601812334555', N'Adolfo', N'No')
INSERT dbo.Credit_Card(CustomerCreditCardNumber, CustomerCreditCardName, PreferredOption) VALUES ('377377783623637', N'Alan', N'No')
INSERT dbo.Credit_Card(CustomerCreditCardNumber, CustomerCreditCardName, PreferredOption) VALUES ('373669480686667', N'Hyman', N'No')
INSERT dbo.Credit_Card(CustomerCreditCardNumber, CustomerCreditCardName, PreferredOption) VALUES ('345926511097669', N'Jared', N'No')
INSERT dbo.Credit_Card(CustomerCreditCardNumber, CustomerCreditCardName, PreferredOption) VALUES ('4026576800249261', N'Lavern', N'No')
INSERT dbo.Credit_Card(CustomerCreditCardNumber, CustomerCreditCardName, PreferredOption) VALUES ('3547398663551929', N'Xavier', N'No')
INSERT dbo.Credit_Card(CustomerCreditCardNumber, CustomerCreditCardName, PreferredOption) VALUES ('5505792730464626', N'Franklin', N'No')
INSERT dbo.Credit_Card(CustomerCreditCardNumber, CustomerCreditCardName, PreferredOption) VALUES ('6397188866171219', N'Riley', N'No')
INSERT dbo.Credit_Card(CustomerCreditCardNumber, CustomerCreditCardName, PreferredOption) VALUES ('4405962321758587', N'Rudolf', N'No')
INSERT dbo.Credit_Card(CustomerCreditCardNumber, CustomerCreditCardName, PreferredOption) VALUES ('5412034259421881', N'Coreen', N'No')
INSERT dbo.Credit_Card(CustomerCreditCardNumber, CustomerCreditCardName, PreferredOption) VALUES ('5365033643161762', N'Lindsey', N'No')
INSERT dbo.Credit_Card(CustomerCreditCardNumber, CustomerCreditCardName, PreferredOption) VALUES ('5528459705073484', N'Gia', N'No')
INSERT dbo.Credit_Card(CustomerCreditCardNumber, CustomerCreditCardName, PreferredOption) VALUES ('6225309587986697', N'Ben', N'No')
GO

--
-- Inserting data into table dbo.Orders
--
INSERT dbo.Orders(OrderNumber, CustomerTelephoneNumber, CustomerIdentifer, OrderDate, ShippingStreetAddress, ShippingCity, ShippingState, ShippingZipCode, CustomerCreditCardNumber, ShippingDate, Total) VALUES (9223372036854775807, '31862', 33, '2007-06-08', N'1862 Cedar Tree Blvd', N'Struthers', N'Arkansas', '31862', '36927868763378', '1970-01-02', -599382977)
INSERT dbo.Orders(OrderNumber, CustomerTelephoneNumber, CustomerIdentifer, OrderDate, ShippingStreetAddress, ShippingCity, ShippingState, ShippingZipCode, CustomerCreditCardNumber, ShippingDate, Total) VALUES (5491045523622753744, '30090', 37, '2006-08-16', N'14 Waterview Road', N'Fresno', N'Tennessee', '30090', '36927868763378', '1990-08-04', -1558087107)
INSERT dbo.Orders(OrderNumber, CustomerTelephoneNumber, CustomerIdentifer, OrderDate, ShippingStreetAddress, ShippingCity, ShippingState, ShippingZipCode, CustomerCreditCardNumber, ShippingDate, Total) VALUES (4568708319937276163, '13550', 41, '1979-06-19', N'635 Flintwood Circle', N'Roxboro', N'Wisconsin', '13550', '30311972739481', '1973-10-21', -111916084)
INSERT dbo.Orders(OrderNumber, CustomerTelephoneNumber, CustomerIdentifer, OrderDate, ShippingStreetAddress, ShippingCity, ShippingState, ShippingZipCode, CustomerCreditCardNumber, ShippingDate, Total) VALUES (5491045523622753745, '80185', 39, '2002-12-12', N'3178 East Edgewood Cir', N'Sellersburg', N'Nebraska', '80185', '5365033643161762', '1986-06-18', -89948970)
INSERT dbo.Orders(OrderNumber, CustomerTelephoneNumber, CustomerIdentifer, OrderDate, ShippingStreetAddress, ShippingCity, ShippingState, ShippingZipCode, CustomerCreditCardNumber, ShippingDate, Total) VALUES (8621139988524348866, '70235', 38, '1984-06-20', N'1871 Hunting Hill Way', N'Beeville', N'Minnesota', '70235', '3546478663981663', '1970-01-04', -1463700094)
INSERT dbo.Orders(OrderNumber, CustomerTelephoneNumber, CustomerIdentifer, OrderDate, ShippingStreetAddress, ShippingCity, ShippingState, ShippingZipCode, CustomerCreditCardNumber, ShippingDate, Total) VALUES (4568708319937276164, '25376', 33, '1979-08-02', N'3279 North Hunting Hill Court', N'Mequon', N'Arkansas', '25376', '3546478663981663', '2000-04-11', -782787959)
INSERT dbo.Orders(OrderNumber, CustomerTelephoneNumber, CustomerIdentifer, OrderDate, ShippingStreetAddress, ShippingCity, ShippingState, ShippingZipCode, CustomerCreditCardNumber, ShippingDate, Total) VALUES (6696942763681045336, '54030', 4, '1975-02-07', N'818 Brentwood Parkway', N'Elk City', N'South Dakota', '54030', '6371295248350765', '2020-09-25', -559690754)
INSERT dbo.Orders(OrderNumber, CustomerTelephoneNumber, CustomerIdentifer, OrderDate, ShippingStreetAddress, ShippingCity, ShippingState, ShippingZipCode, CustomerCreditCardNumber, ShippingDate, Total) VALUES (7698802784838871289, '58852', 15, '1970-07-17', N'55 East Monument Pkwy', N'Auburndale', N'Hawaii', '58852', '6249818550097730', '1995-11-09', -1)
INSERT dbo.Orders(OrderNumber, CustomerTelephoneNumber, CustomerIdentifer, OrderDate, ShippingStreetAddress, ShippingCity, ShippingState, ShippingZipCode, CustomerCreditCardNumber, ShippingDate, Total) VALUES (5491045523622753746, '26634', 42, '1985-03-28', N'1443 Front Blvd', N'Bonham', N'New Jersey', '26634', '30194326181893', '2007-11-23', -509434008)
INSERT dbo.Orders(OrderNumber, CustomerTelephoneNumber, CustomerIdentifer, OrderDate, ShippingStreetAddress, ShippingCity, ShippingState, ShippingZipCode, CustomerCreditCardNumber, ShippingDate, Total) VALUES (2531438854138229434, '42721', 41, '2004-03-04', N'902 Burwood Blvd', N'West Pittston', N'Massachusetts', '42721', '378028744296901', '2014-05-28', -94387014)
INSERT dbo.Orders(OrderNumber, CustomerTelephoneNumber, CustomerIdentifer, OrderDate, ShippingStreetAddress, ShippingCity, ShippingState, ShippingZipCode, CustomerCreditCardNumber, ShippingDate, Total) VALUES (4568708319937276165, '68440', 31, '2005-12-28', N'1147 W Buttonwood Way', N'Aztec', N'Alaska', '68440', '4508036509392109', '1971-08-12', -1476611773)
INSERT dbo.Orders(OrderNumber, CustomerTelephoneNumber, CustomerIdentifer, OrderDate, ShippingStreetAddress, ShippingCity, ShippingState, ShippingZipCode, CustomerCreditCardNumber, ShippingDate, Total) VALUES (3453776057823707016, '06826', 23, '2012-05-29', N'369 S Buttonwood St', N'Bardstown', N'Utah', '06826', '4175009147907002', '1986-08-08', -1677741864)
INSERT dbo.Orders(OrderNumber, CustomerTelephoneNumber, CustomerIdentifer, OrderDate, ShippingStreetAddress, ShippingCity, ShippingState, ShippingZipCode, CustomerCreditCardNumber, ShippingDate, Total) VALUES (8621139988524348867, '01752', 6, '1983-08-01', N'2001 Hidden Glenwood Lane', N'Benicia', N'Colorado', '01752', '3571600808979660', '1970-02-27', -444154686)
INSERT dbo.Orders(OrderNumber, CustomerTelephoneNumber, CustomerIdentifer, OrderDate, ShippingStreetAddress, ShippingCity, ShippingState, ShippingZipCode, CustomerCreditCardNumber, ShippingDate, Total) VALUES (5491045523622753747, '48208', 29, '1986-06-12', N'2186 Red Hunting Hill Ct', N'Lewisville', N'Colorado', '48208', '5252018043007299', '2015-04-01', -280694610)
INSERT dbo.Orders(OrderNumber, CustomerTelephoneNumber, CustomerIdentifer, OrderDate, ShippingStreetAddress, ShippingCity, ShippingState, ShippingZipCode, CustomerCreditCardNumber, ShippingDate, Total) VALUES (2531438854138229435, '91066', 22, '1980-07-21', N'747 White Ironwood Way', N'Eureka', N'California', '91066', '5252018043007299', '1979-04-06', -1135043815)
INSERT dbo.Orders(OrderNumber, CustomerTelephoneNumber, CustomerIdentifer, OrderDate, ShippingStreetAddress, ShippingCity, ShippingState, ShippingZipCode, CustomerCreditCardNumber, ShippingDate, Total) VALUES (4568708319937276166, '73759', 17, '2010-06-30', N'416 North Farmview Ct', N'Cudahy', N'California', '73759', '6258169527271802', '1972-03-03', -1029320644)
INSERT dbo.Orders(OrderNumber, CustomerTelephoneNumber, CustomerIdentifer, OrderDate, ShippingStreetAddress, ShippingCity, ShippingState, ShippingZipCode, CustomerCreditCardNumber, ShippingDate, Total) VALUES (7698802784838871290, '05933', 49, '1975-10-01', N'3369 Hidden Sharp Hill Loop', N'Westmont', N'Vermont', '05933', '4508036509392109', '1993-07-31', -325571398)
INSERT dbo.Orders(OrderNumber, CustomerTelephoneNumber, CustomerIdentifer, OrderDate, ShippingStreetAddress, ShippingCity, ShippingState, ShippingZipCode, CustomerCreditCardNumber, ShippingDate, Total) VALUES (3453776057823707017, '56631', 16, '1973-07-11', N'26 SE Chapel Hill Rd', N'Lexington', N'New York', '56631', '3570973874449681', '1991-09-16', -1662410686)
INSERT dbo.Orders(OrderNumber, CustomerTelephoneNumber, CustomerIdentifer, OrderDate, ShippingStreetAddress, ShippingCity, ShippingState, ShippingZipCode, CustomerCreditCardNumber, ShippingDate, Total) VALUES (5774605559995567755, '28477', 25, '2009-10-23', N'2396 Hidden Church Ln', N'Key West', N'Maryland', '28477', '341957443991483', '1973-01-27', -1448783861)
INSERT dbo.Orders(OrderNumber, CustomerTelephoneNumber, CustomerIdentifer, OrderDate, ShippingStreetAddress, ShippingCity, ShippingState, ShippingZipCode, CustomerCreditCardNumber, ShippingDate, Total) VALUES (5491045523622753748, '25813', 47, '1981-07-19', N'921 North Rushwood Road', N'Southwest Ranches', N'Kentucky', '25813', '4026576800249261', '1982-05-24', -421)
INSERT dbo.Orders(OrderNumber, CustomerTelephoneNumber, CustomerIdentifer, OrderDate, ShippingStreetAddress, ShippingCity, ShippingState, ShippingZipCode, CustomerCreditCardNumber, ShippingDate, Total) VALUES (902625568336756850, '54518', 1, '2009-08-04', N'49 Social Ln', N'Haddonfield', N'Oklahoma', '54518', '6204530367754568', '1972-09-19', -1562317690)
INSERT dbo.Orders(OrderNumber, CustomerTelephoneNumber, CustomerIdentifer, OrderDate, ShippingStreetAddress, ShippingCity, ShippingState, ShippingZipCode, CustomerCreditCardNumber, ShippingDate, Total) VALUES (4568708319937276167, '96555', 7, '1970-01-10', N'24 NE Stonewood Parkway', N'Abilene', N'Idaho', '96555', '6258169527271802', '1990-12-17', 9)
INSERT dbo.Orders(OrderNumber, CustomerTelephoneNumber, CustomerIdentifer, OrderDate, ShippingStreetAddress, ShippingCity, ShippingState, ShippingZipCode, CustomerCreditCardNumber, ShippingDate, Total) VALUES (8621139988524348868, '07607', 32, '1997-04-17', N'2234 Rockwood Road', N'Laurel', N'Virginia', '07607', '5365033643161762', '1991-04-09', -1111872394)
INSERT dbo.Orders(OrderNumber, CustomerTelephoneNumber, CustomerIdentifer, OrderDate, ShippingStreetAddress, ShippingCity, ShippingState, ShippingZipCode, CustomerCreditCardNumber, ShippingDate, Total) VALUES (5491045523622753749, '86989', 21, '1983-03-01', N'3603 Woodfort Cir', N'Enid', N'Vermont', '86989', '5505792730464626', '1970-01-08', -1864233058)
INSERT dbo.Orders(OrderNumber, CustomerTelephoneNumber, CustomerIdentifer, OrderDate, ShippingStreetAddress, ShippingCity, ShippingState, ShippingZipCode, CustomerCreditCardNumber, ShippingDate, Total) VALUES (4568708319937276168, '57077', 45, '2013-08-03', N'237 S Sharp Hill Pkwy', N'Morganton', N'New Jersey', '57077', '6392539850145855', '2015-11-22', -436477743)
INSERT dbo.Orders(OrderNumber, CustomerTelephoneNumber, CustomerIdentifer, OrderDate, ShippingStreetAddress, ShippingCity, ShippingState, ShippingZipCode, CustomerCreditCardNumber, ShippingDate, Total) VALUES (7698802784838871291, '49037', 30, '1989-12-23', N'212 NW Deepwood Loop', N'Hopatcong', N'Delaware', '49037', '3545357294297767', '2020-01-02', -7296)
INSERT dbo.Orders(OrderNumber, CustomerTelephoneNumber, CustomerIdentifer, OrderDate, ShippingStreetAddress, ShippingCity, ShippingState, ShippingZipCode, CustomerCreditCardNumber, ShippingDate, Total) VALUES (8621139988524348869, '92422', 49, '2002-08-09', N'135 2nd Lane', N'Hawaiian Gardens', N'Colorado', '92422', '6222170239242647', '1992-05-12', -1937146433)
INSERT dbo.Orders(OrderNumber, CustomerTelephoneNumber, CustomerIdentifer, OrderDate, ShippingStreetAddress, ShippingCity, ShippingState, ShippingZipCode, CustomerCreditCardNumber, ShippingDate, Total) VALUES (1824962772022234432, '90287', 31, '1996-08-20', N'3936 West Deepwood Ct', N'Breaux Bridge', N'Montana', '90287', '6224447640736609', '1977-03-17', -104211460)
INSERT dbo.Orders(OrderNumber, CustomerTelephoneNumber, CustomerIdentifer, OrderDate, ShippingStreetAddress, ShippingCity, ShippingState, ShippingZipCode, CustomerCreditCardNumber, ShippingDate, Total) VALUES (7698802784838871292, '88184', 32, '2004-10-04', N'48 North Sharp Hill Ct', N'Carrollton', N'Nevada', '88184', '377377783623637', '1996-07-20', -1088592761)
INSERT dbo.Orders(OrderNumber, CustomerTelephoneNumber, CustomerIdentifer, OrderDate, ShippingStreetAddress, ShippingCity, ShippingState, ShippingZipCode, CustomerCreditCardNumber, ShippingDate, Total) VALUES (6696942763681045337, '87437', 37, '1970-05-21', N'509 Hidden Edgewood Road', N'Texarkana', N'Kentucky', '87437', '6392539850145855', '2013-05-20', -140)
INSERT dbo.Orders(OrderNumber, CustomerTelephoneNumber, CustomerIdentifer, OrderDate, ShippingStreetAddress, ShippingCity, ShippingState, ShippingZipCode, CustomerCreditCardNumber, ShippingDate, Total) VALUES (902625568336756851, '19425', 32, '1993-06-11', N'1891 Riverview Ct', N'Jefferson Hills', N'Florida', '19425', '341957443991483', '1970-01-01', -1097423728)
INSERT dbo.Orders(OrderNumber, CustomerTelephoneNumber, CustomerIdentifer, OrderDate, ShippingStreetAddress, ShippingCity, ShippingState, ShippingZipCode, CustomerCreditCardNumber, ShippingDate, Total) VALUES (5491045523622753750, '89303', 19, '2009-01-17', N'608 Ski Hill Lane', N'Beebe', N'New Hampshire', '89303', '6258169527271802', '1970-04-10', -1844020005)
INSERT dbo.Orders(OrderNumber, CustomerTelephoneNumber, CustomerIdentifer, OrderDate, ShippingStreetAddress, ShippingCity, ShippingState, ShippingZipCode, CustomerCreditCardNumber, ShippingDate, Total) VALUES (1824962772022234433, '45302', 38, '1996-12-30', N'364 NE Deepwood Ct', N'New Rochelle', N'New Jersey', '45302', '6258169527271802', '1998-10-12', -969443631)
INSERT dbo.Orders(OrderNumber, CustomerTelephoneNumber, CustomerIdentifer, OrderDate, ShippingStreetAddress, ShippingCity, ShippingState, ShippingZipCode, CustomerCreditCardNumber, ShippingDate, Total) VALUES (2531438854138229436, '23214', 31, '2015-02-09', N'2118 North Church Ln', N'Amityville', N'Michigan', '23214', '6222170239242647', '1970-02-09', -1602541421)
INSERT dbo.Orders(OrderNumber, CustomerTelephoneNumber, CustomerIdentifer, OrderDate, ShippingStreetAddress, ShippingCity, ShippingState, ShippingZipCode, CustomerCreditCardNumber, ShippingDate, Total) VALUES (8621139988524348870, '51343', 25, '2009-03-11', N'94 Quailwood Street', N'Bladensburg', N'Oklahoma', '51343', '6371295248350765', '1998-05-12', -1834281272)
INSERT dbo.Orders(OrderNumber, CustomerTelephoneNumber, CustomerIdentifer, OrderDate, ShippingStreetAddress, ShippingCity, ShippingState, ShippingZipCode, CustomerCreditCardNumber, ShippingDate, Total) VALUES (5774605559995567756, '75699', 42, '2016-11-06', N'3895 W Riverside Way', N'Greenwood', N'Massachusetts', '75699', '6371295248350765', '1971-02-01', -1375221000)
INSERT dbo.Orders(OrderNumber, CustomerTelephoneNumber, CustomerIdentifer, OrderDate, ShippingStreetAddress, ShippingCity, ShippingState, ShippingZipCode, CustomerCreditCardNumber, ShippingDate, Total) VALUES (4568708319937276169, '30971', 4, '1975-02-01', N'3961 Social Lane', N'Albany', N'Oklahoma', '30971', '4405962321758587', '1980-01-29', -465153655)
INSERT dbo.Orders(OrderNumber, CustomerTelephoneNumber, CustomerIdentifer, OrderDate, ShippingStreetAddress, ShippingCity, ShippingState, ShippingZipCode, CustomerCreditCardNumber, ShippingDate, Total) VALUES (5491045523622753751, '50730', 37, '2020-08-17', N'926 Mountain Ln', N'South Weber', N'Arizona', '50730', '6204530367754568', '1983-04-07', -736452340)
INSERT dbo.Orders(OrderNumber, CustomerTelephoneNumber, CustomerIdentifer, OrderDate, ShippingStreetAddress, ShippingCity, ShippingState, ShippingZipCode, CustomerCreditCardNumber, ShippingDate, Total) VALUES (902625568336756852, '06712', 24, '1971-08-01', N'922 Bayview Highway', N'Pittston', N'Indiana', '06712', '6223693000718874', '1996-02-10', -475373081)
INSERT dbo.Orders(OrderNumber, CustomerTelephoneNumber, CustomerIdentifer, OrderDate, ShippingStreetAddress, ShippingCity, ShippingState, ShippingZipCode, CustomerCreditCardNumber, ShippingDate, Total) VALUES (6696942763681045338, '54828', 43, '1970-01-04', N'3899 SW Cedar Tree Pkwy', N'Aberdeen', N'New Jersey', '54828', '346587803175990', '1970-01-10', 32)
INSERT dbo.Orders(OrderNumber, CustomerTelephoneNumber, CustomerIdentifer, OrderDate, ShippingStreetAddress, ShippingCity, ShippingState, ShippingZipCode, CustomerCreditCardNumber, ShippingDate, Total) VALUES (4568708319937276170, '75541', 44, '2000-10-27', N'1762 South Mount Road', N'Parkersburg', N'Mississippi', '75541', '5244024275445505', '1999-06-10', -1741706279)
INSERT dbo.Orders(OrderNumber, CustomerTelephoneNumber, CustomerIdentifer, OrderDate, ShippingStreetAddress, ShippingCity, ShippingState, ShippingZipCode, CustomerCreditCardNumber, ShippingDate, Total) VALUES (5491045523622753752, '64166', 44, '1970-02-06', N'73 White Ironwood Highway', N'Roselle', N'Washington', '64166', '5252018043007299', '1971-12-10', -1137387767)
INSERT dbo.Orders(OrderNumber, CustomerTelephoneNumber, CustomerIdentifer, OrderDate, ShippingStreetAddress, ShippingCity, ShippingState, ShippingZipCode, CustomerCreditCardNumber, ShippingDate, Total) VALUES (4568708319937276171, '75446', 25, '1985-02-22', N'912 Red Glenwood Ave', N'Danville', N'Georgia', '75446', '4405760312010210', '1991-01-02', -1097828933)
INSERT dbo.Orders(OrderNumber, CustomerTelephoneNumber, CustomerIdentifer, OrderDate, ShippingStreetAddress, ShippingCity, ShippingState, ShippingZipCode, CustomerCreditCardNumber, ShippingDate, Total) VALUES (7698802784838871293, '82415', 50, '1972-07-30', N'857 Chapel Hill Highway', N'Coolidge', N'Colorado', '82415', '4175009147907002', '1970-03-22', -9)
INSERT dbo.Orders(OrderNumber, CustomerTelephoneNumber, CustomerIdentifer, OrderDate, ShippingStreetAddress, ShippingCity, ShippingState, ShippingZipCode, CustomerCreditCardNumber, ShippingDate, Total) VALUES (8621139988524348871, '17667', 50, '1996-04-23', N'1032 Riddle Hill Lane', N'Egg Harbor City', N'Arkansas', '17667', '4508036509392109', '2019-03-14', -1737131369)
INSERT dbo.Orders(OrderNumber, CustomerTelephoneNumber, CustomerIdentifer, OrderDate, ShippingStreetAddress, ShippingCity, ShippingState, ShippingZipCode, CustomerCreditCardNumber, ShippingDate, Total) VALUES (3453776057823707018, '82506', 30, '1970-01-04', N'869 Rockwood Highway', N'Aberdeen', N'Louisiana', '82506', '30370590027190', '1970-04-14', 3)
INSERT dbo.Orders(OrderNumber, CustomerTelephoneNumber, CustomerIdentifer, OrderDate, ShippingStreetAddress, ShippingCity, ShippingState, ShippingZipCode, CustomerCreditCardNumber, ShippingDate, Total) VALUES (2531438854138229437, '27014', 8, '2013-06-09', N'3715 Old Church Parkway', N'Higginsville', N'Wisconsin', '27014', '4508036509392109', '1970-10-28', -1825713468)
INSERT dbo.Orders(OrderNumber, CustomerTelephoneNumber, CustomerIdentifer, OrderDate, ShippingStreetAddress, ShippingCity, ShippingState, ShippingZipCode, CustomerCreditCardNumber, ShippingDate, Total) VALUES (7698802784838871294, '36971', 37, '1977-12-03', N'2629 White Brentwood Street', N'Warner Robins', N'New York', '36971', '5505792730464626', '1970-01-07', -1278167062)
INSERT dbo.Orders(OrderNumber, CustomerTelephoneNumber, CustomerIdentifer, OrderDate, ShippingStreetAddress, ShippingCity, ShippingState, ShippingZipCode, CustomerCreditCardNumber, ShippingDate, Total) VALUES (3453776057823707019, '09807', 29, '1987-12-04', N'294 W Woodland Parkway', N'Alcoa', N'Virginia', '09807', '6249818550097730', '1990-05-01', -322428451)
INSERT dbo.Orders(OrderNumber, CustomerTelephoneNumber, CustomerIdentifer, OrderDate, ShippingStreetAddress, ShippingCity, ShippingState, ShippingZipCode, CustomerCreditCardNumber, ShippingDate, Total) VALUES (5774605559995567757, '50590', 24, '2003-02-09', N'1591 East Flintwood Ct', N'Newport', N'Hawaii', '50590', '6258169527271802', '2006-08-05', -1811343858)
GO

--
-- Inserting data into table dbo.Ordered_Item
--
INSERT dbo.Ordered_Item(ItemNumber, OrderNumber, QuantityOrdered, ShippingDate) VALUES (6, 5491045523622753746, 62, '2020-08-09')
INSERT dbo.Ordered_Item(ItemNumber, OrderNumber, QuantityOrdered, ShippingDate) VALUES (8, 5491045523622753746, 60, '2020-03-04')
INSERT dbo.Ordered_Item(ItemNumber, OrderNumber, QuantityOrdered, ShippingDate) VALUES (17, 3453776057823707017, 34, '2021-03-26')
INSERT dbo.Ordered_Item(ItemNumber, OrderNumber, QuantityOrdered, ShippingDate) VALUES (3, 5491045523622753745, 12, '2020-09-30')
INSERT dbo.Ordered_Item(ItemNumber, OrderNumber, QuantityOrdered, ShippingDate) VALUES (7, 5491045523622753746, 25, '2021-07-06')
INSERT dbo.Ordered_Item(ItemNumber, OrderNumber, QuantityOrdered, ShippingDate) VALUES (9, 3453776057823707016, 21, '2021-11-29')
INSERT dbo.Ordered_Item(ItemNumber, OrderNumber, QuantityOrdered, ShippingDate) VALUES (4, 6696942763681045336, 59, '2020-03-10')
INSERT dbo.Ordered_Item(ItemNumber, OrderNumber, QuantityOrdered, ShippingDate) VALUES (7, 2531438854138229434, 23, '2021-02-28')
INSERT dbo.Ordered_Item(ItemNumber, OrderNumber, QuantityOrdered, ShippingDate) VALUES (5, 7698802784838871289, 23, '2020-12-17')
INSERT dbo.Ordered_Item(ItemNumber, OrderNumber, QuantityOrdered, ShippingDate) VALUES (2, 5491045523622753745, 87, '2020-09-17')
INSERT dbo.Ordered_Item(ItemNumber, OrderNumber, QuantityOrdered, ShippingDate) VALUES (12, 8621139988524348867, 1, '2020-05-28')
INSERT dbo.Ordered_Item(ItemNumber, OrderNumber, QuantityOrdered, ShippingDate) VALUES (18, 5774605559995567755, 66, '2020-10-21')
INSERT dbo.Ordered_Item(ItemNumber, OrderNumber, QuantityOrdered, ShippingDate) VALUES (1, 5491045523622753745, 33, '2021-10-04')
INSERT dbo.Ordered_Item(ItemNumber, OrderNumber, QuantityOrdered, ShippingDate) VALUES (13, 5491045523622753747, 72, '2020-10-15')
INSERT dbo.Ordered_Item(ItemNumber, OrderNumber, QuantityOrdered, ShippingDate) VALUES (19, 5491045523622753748, 14, '2020-11-21')
INSERT dbo.Ordered_Item(ItemNumber, OrderNumber, QuantityOrdered, ShippingDate) VALUES (8, 4568708319937276165, 40, '2020-01-03')
INSERT dbo.Ordered_Item(ItemNumber, OrderNumber, QuantityOrdered, ShippingDate) VALUES (14, 2531438854138229435, 8, '2020-10-22')
INSERT dbo.Ordered_Item(ItemNumber, OrderNumber, QuantityOrdered, ShippingDate) VALUES (16, 3453776057823707017, 91, '2021-11-26')
INSERT dbo.Ordered_Item(ItemNumber, OrderNumber, QuantityOrdered, ShippingDate) VALUES (2, 8621139988524348866, 62, '2020-02-26')
INSERT dbo.Ordered_Item(ItemNumber, OrderNumber, QuantityOrdered, ShippingDate) VALUES (0, 5491045523622753744, 39, '2021-09-21')
INSERT dbo.Ordered_Item(ItemNumber, OrderNumber, QuantityOrdered, ShippingDate) VALUES (8, 2531438854138229434, 8, '2020-11-23')
INSERT dbo.Ordered_Item(ItemNumber, OrderNumber, QuantityOrdered, ShippingDate) VALUES (17, 5774605559995567755, 80, '2021-10-29')
INSERT dbo.Ordered_Item(ItemNumber, OrderNumber, QuantityOrdered, ShippingDate) VALUES (9, 2531438854138229434, 32, '2021-08-13')
INSERT dbo.Ordered_Item(ItemNumber, OrderNumber, QuantityOrdered, ShippingDate) VALUES (15, 4568708319937276166, 90, '2021-03-24')
INSERT dbo.Ordered_Item(ItemNumber, OrderNumber, QuantityOrdered, ShippingDate) VALUES (4, 8621139988524348866, 64, '2021-07-26')
INSERT dbo.Ordered_Item(ItemNumber, OrderNumber, QuantityOrdered, ShippingDate) VALUES (10, 4568708319937276165, 2, '2020-10-08')
INSERT dbo.Ordered_Item(ItemNumber, OrderNumber, QuantityOrdered, ShippingDate) VALUES (3, 8621139988524348866, 54, '2020-08-24')
INSERT dbo.Ordered_Item(ItemNumber, OrderNumber, QuantityOrdered, ShippingDate) VALUES (9, 4568708319937276165, 35, '2020-02-22')
INSERT dbo.Ordered_Item(ItemNumber, OrderNumber, QuantityOrdered, ShippingDate) VALUES (4, 4568708319937276164, 1, '2020-04-07')
INSERT dbo.Ordered_Item(ItemNumber, OrderNumber, QuantityOrdered, ShippingDate) VALUES (1, 4568708319937276163, 38, '2021-09-09')
INSERT dbo.Ordered_Item(ItemNumber, OrderNumber, QuantityOrdered, ShippingDate) VALUES (3, 4568708319937276164, 5, '2021-06-19')
INSERT dbo.Ordered_Item(ItemNumber, OrderNumber, QuantityOrdered, ShippingDate) VALUES (5, 4568708319937276164, 26, '2021-10-24')
INSERT dbo.Ordered_Item(ItemNumber, OrderNumber, QuantityOrdered, ShippingDate) VALUES (10, 3453776057823707016, 78, '2021-06-04')
INSERT dbo.Ordered_Item(ItemNumber, OrderNumber, QuantityOrdered, ShippingDate) VALUES (18, 5491045523622753748, 78, '2020-08-16')
INSERT dbo.Ordered_Item(ItemNumber, OrderNumber, QuantityOrdered, ShippingDate) VALUES (5, 6696942763681045336, 64, '2021-10-25')
INSERT dbo.Ordered_Item(ItemNumber, OrderNumber, QuantityOrdered, ShippingDate) VALUES (11, 8621139988524348867, 83, '2020-01-14')
INSERT dbo.Ordered_Item(ItemNumber, OrderNumber, QuantityOrdered, ShippingDate) VALUES (16, 7698802784838871290, 43, '2020-06-20')
INSERT dbo.Ordered_Item(ItemNumber, OrderNumber, QuantityOrdered, ShippingDate) VALUES (11, 3453776057823707016, 1, '2021-07-05')
INSERT dbo.Ordered_Item(ItemNumber, OrderNumber, QuantityOrdered, ShippingDate) VALUES (0, 9223372036854775807, 48, '2020-04-05')
INSERT dbo.Ordered_Item(ItemNumber, OrderNumber, QuantityOrdered, ShippingDate) VALUES (13, 2531438854138229435, 8, '2020-03-25')
INSERT dbo.Ordered_Item(ItemNumber, OrderNumber, QuantityOrdered, ShippingDate) VALUES (19, 902625568336756850, 85, '2020-01-09')
INSERT dbo.Ordered_Item(ItemNumber, OrderNumber, QuantityOrdered, ShippingDate) VALUES (6, 7698802784838871289, 24, '2020-03-26')
INSERT dbo.Ordered_Item(ItemNumber, OrderNumber, QuantityOrdered, ShippingDate) VALUES (12, 5491045523622753747, 99, '2020-09-13')
INSERT dbo.Ordered_Item(ItemNumber, OrderNumber, QuantityOrdered, ShippingDate) VALUES (6, 6696942763681045336, 27, '2020-10-29')
INSERT dbo.Ordered_Item(ItemNumber, OrderNumber, QuantityOrdered, ShippingDate) VALUES (14, 4568708319937276166, 78, '2021-01-14')
INSERT dbo.Ordered_Item(ItemNumber, OrderNumber, QuantityOrdered, ShippingDate) VALUES (0, 4568708319937276163, 33, '2020-05-27')
INSERT dbo.Ordered_Item(ItemNumber, OrderNumber, QuantityOrdered, ShippingDate) VALUES (15, 7698802784838871290, 8, '2020-02-10')
INSERT dbo.Ordered_Item(ItemNumber, OrderNumber, QuantityOrdered, ShippingDate) VALUES (1, 5491045523622753744, 26, '2020-09-22')
INSERT dbo.Ordered_Item(ItemNumber, OrderNumber, QuantityOrdered, ShippingDate) VALUES (7, 7698802784838871289, 21, '2021-05-12')
INSERT dbo.Ordered_Item(ItemNumber, OrderNumber, QuantityOrdered, ShippingDate) VALUES (2, 4568708319937276163, 66, '2021-01-31')
GO

--
-- Inserting data into table dbo.Restock_Item
--
INSERT dbo.Restock_Item(ItemNumber, SupplierID, SellingPrice) VALUES (6, N'ID008', 33)
INSERT dbo.Restock_Item(ItemNumber, SupplierID, SellingPrice) VALUES (8, N'ID008', 482)
INSERT dbo.Restock_Item(ItemNumber, SupplierID, SellingPrice) VALUES (17, N'ID017', 369)
INSERT dbo.Restock_Item(ItemNumber, SupplierID, SellingPrice) VALUES (3, N'ID003', 2)
INSERT dbo.Restock_Item(ItemNumber, SupplierID, SellingPrice) VALUES (7, N'ID008', 358)
INSERT dbo.Restock_Item(ItemNumber, SupplierID, SellingPrice) VALUES (9, N'ID011', 376)
INSERT dbo.Restock_Item(ItemNumber, SupplierID, SellingPrice) VALUES (4, N'ID006', 243)
INSERT dbo.Restock_Item(ItemNumber, SupplierID, SellingPrice) VALUES (7, N'ID009', 280)
INSERT dbo.Restock_Item(ItemNumber, SupplierID, SellingPrice) VALUES (5, N'ID007', 134)
INSERT dbo.Restock_Item(ItemNumber, SupplierID, SellingPrice) VALUES (2, N'ID003', 81)
INSERT dbo.Restock_Item(ItemNumber, SupplierID, SellingPrice) VALUES (12, N'ID012', 493)
INSERT dbo.Restock_Item(ItemNumber, SupplierID, SellingPrice) VALUES (18, N'ID018', 233)
INSERT dbo.Restock_Item(ItemNumber, SupplierID, SellingPrice) VALUES (1, N'ID003', 299)
INSERT dbo.Restock_Item(ItemNumber, SupplierID, SellingPrice) VALUES (13, N'ID013', 331)
INSERT dbo.Restock_Item(ItemNumber, SupplierID, SellingPrice) VALUES (19, N'ID019', 228)
INSERT dbo.Restock_Item(ItemNumber, SupplierID, SellingPrice) VALUES (8, N'ID010', 8)
INSERT dbo.Restock_Item(ItemNumber, SupplierID, SellingPrice) VALUES (14, N'ID014', 454)
INSERT dbo.Restock_Item(ItemNumber, SupplierID, SellingPrice) VALUES (16, N'ID017', 172)
INSERT dbo.Restock_Item(ItemNumber, SupplierID, SellingPrice) VALUES (2, N'ID004', 322)
INSERT dbo.Restock_Item(ItemNumber, SupplierID, SellingPrice) VALUES (0, N'ID001', 492)
INSERT dbo.Restock_Item(ItemNumber, SupplierID, SellingPrice) VALUES (8, N'ID009', 123)
INSERT dbo.Restock_Item(ItemNumber, SupplierID, SellingPrice) VALUES (17, N'ID018', 95)
INSERT dbo.Restock_Item(ItemNumber, SupplierID, SellingPrice) VALUES (9, N'ID009', 469)
INSERT dbo.Restock_Item(ItemNumber, SupplierID, SellingPrice) VALUES (15, N'ID015', 437)
INSERT dbo.Restock_Item(ItemNumber, SupplierID, SellingPrice) VALUES (4, N'ID004', 290)
INSERT dbo.Restock_Item(ItemNumber, SupplierID, SellingPrice) VALUES (10, N'ID010', 481)
INSERT dbo.Restock_Item(ItemNumber, SupplierID, SellingPrice) VALUES (3, N'ID004', 315)
INSERT dbo.Restock_Item(ItemNumber, SupplierID, SellingPrice) VALUES (9, N'ID010', 61)
INSERT dbo.Restock_Item(ItemNumber, SupplierID, SellingPrice) VALUES (4, N'ID005', 181)
INSERT dbo.Restock_Item(ItemNumber, SupplierID, SellingPrice) VALUES (1, N'ID002', 129)
INSERT dbo.Restock_Item(ItemNumber, SupplierID, SellingPrice) VALUES (3, N'ID005', 32)
INSERT dbo.Restock_Item(ItemNumber, SupplierID, SellingPrice) VALUES (5, N'ID005', 376)
INSERT dbo.Restock_Item(ItemNumber, SupplierID, SellingPrice) VALUES (10, N'ID011', 265)
INSERT dbo.Restock_Item(ItemNumber, SupplierID, SellingPrice) VALUES (18, N'ID019', 224)
INSERT dbo.Restock_Item(ItemNumber, SupplierID, SellingPrice) VALUES (5, N'ID006', 399)
INSERT dbo.Restock_Item(ItemNumber, SupplierID, SellingPrice) VALUES (11, N'ID012', 452)
INSERT dbo.Restock_Item(ItemNumber, SupplierID, SellingPrice) VALUES (16, N'ID016', 145)
INSERT dbo.Restock_Item(ItemNumber, SupplierID, SellingPrice) VALUES (11, N'ID011', 335)
INSERT dbo.Restock_Item(ItemNumber, SupplierID, SellingPrice) VALUES (0, N'ID000', 337)
INSERT dbo.Restock_Item(ItemNumber, SupplierID, SellingPrice) VALUES (13, N'ID014', 7)
INSERT dbo.Restock_Item(ItemNumber, SupplierID, SellingPrice) VALUES (19, N'ID020', 494)
INSERT dbo.Restock_Item(ItemNumber, SupplierID, SellingPrice) VALUES (6, N'ID007', 266)
INSERT dbo.Restock_Item(ItemNumber, SupplierID, SellingPrice) VALUES (12, N'ID013', 4)
INSERT dbo.Restock_Item(ItemNumber, SupplierID, SellingPrice) VALUES (6, N'ID006', 176)
INSERT dbo.Restock_Item(ItemNumber, SupplierID, SellingPrice) VALUES (14, N'ID015', 35)
INSERT dbo.Restock_Item(ItemNumber, SupplierID, SellingPrice) VALUES (0, N'ID002', 36)
INSERT dbo.Restock_Item(ItemNumber, SupplierID, SellingPrice) VALUES (15, N'ID016', 73)
INSERT dbo.Restock_Item(ItemNumber, SupplierID, SellingPrice) VALUES (1, N'ID001', 180)
INSERT dbo.Restock_Item(ItemNumber, SupplierID, SellingPrice) VALUES (7, N'ID007', 120)
INSERT dbo.Restock_Item(ItemNumber, SupplierID, SellingPrice) VALUES (2, N'ID002', 51)
GO

--
-- Set NOEXEC to off
--

SET NOEXEC OFF
GO